,State,City,Wiki_name,Station Identifier,AM/FM,Channel Number,_merge,Twitter Handle,Alternate,Twitter
0,Alabama,Birmingham,Birmingham,WBHM,FM,90.3,both,@WBHM,,Twitter
1,Alabama,Dothan,Dothan,WRWA,FM,88.7,both,@troypublicradio,,Twitter
2,Alabama,Gadsden,Gadsden,WSGN,FM,91.5,both,@WBHM903,,Twitter
3,Alabama,Huntsville,Huntsville,WJAB,FM,90.9,both,@WJAB-TV,,Twitter
4,Alabama,Huntsville,Huntsville,WLRH,FM,89.3,both,@WLRH_893FMHD,,Twitter
5,Alabama,Jacksonville,Jacksonville,WLJS,FM,91.9,both,@WLJS_919,,Twitter
6,Alabama,Mobile,Mobile,WHIL,FM,91.3,both,@WHILFM,,Twitter
7,Alabama,Montgomery,Montgomery,WVAS,FM,90.7,both,@WVAS,,Twitter
8,Alabama,Montgomery/Troy,Montgomery/Troy,WTSU,FM,89.9,both,@troypublicradio,,Twitter
9,Alabama,Muscle Shoals,Muscle Shoals,WQPR,FM,88.7,both,@Alpublicradio,,Twitter
10,Alabama,Selma,Selma,WAPR,FM,88.3,both,@Alpublicradio,,Twitter
11,Alabama,Tuscaloosa,Tuscaloosa,WUAL,FM,91.5,both,@Alpublicradio,,Twitter
12,Alaska,Anchorage,Anchorage,KSKA,FM,91.1,both,@kska,,Twitter
13,Alaska,Barrow,Barrow,KBRW,AM,680.0,both,@kyuknews,,Twitter
14,Alaska,Barrow,Barrow,KBRW,FM,91.9,both,@kyuknews,,Twitter
15,Alaska,Bethel,Bethel,KYUK,AM,640.0,both,@kyuknews,,Twitter
16,Alaska,Chevak,Chevak,KCUK,FM,88.1,both,None,,Twitter
17,Alaska,Dillingham,Dillingham,KDLG,AM,670.0,both,@kdlgradio,,Twitter
18,Alaska,Fairbanks,Fairbanks,KUAC,FM,89.9,both,@kuacfmtv,,Twitter
19,Alaska,Galena,Galena,KIYU,AM,910.0,both,None,,Twitter
20,Alaska,Glennallen,Glennallen,KXGA,FM,90.5,both,None,,Twitter
21,Alaska,Haines,Haines,KHNS,FM,102.3,both,@KHNS_FM,,Twitter
22,Alaska,Homer,Homer,KBBI,AM,890.0,both,@KBBINews,,Twitter
23,Alaska,Juneau,Juneau,KTOO,FM,104.3,both,@KTOOpubmedia,,Twitter
24,Alaska,Kenai,Kenai,KDLL,FM,91.9,both,@pickle_hill,,Twitter
25,Alaska,Ketchikan,Ketchikan,KRBD,FM,105.9,both,@KRBDRadio,,Twitter
26,Alaska,Kodiak,Kodiak,KMXT,FM,100.1,both,@kmxtnews,,Twitter
27,Alaska,McCarthy,McCarthy,KXKM,FM,89.7,both,@kchuradio,,Twitter
28,Alaska,McGrath,,KSKO,AM,870.0,left_only,@89point5_KSKO,,Twitter
29,Alaska,Petersburg,Petersburg,KFSK,FM,100.9,both,@KFSK1,,Twitter
30,Alaska,Sitka,Sitka,KCAW,FM,104.7,both,@ravenradio,,Twitter
31,Alaska,St. Paul,,KUSB,FM,91.9,left_only,None,,Twitter
32,Alaska,Talkeetna,Talkeetna,KTNA,FM,88.5,both,@ktna,,Twitter
33,Alaska,Unalaska,,KIAL,AM,1450.0,left_only,None,,Twitter
34,Alaska,Valdez,Valdez,KCHU,AM,770.0,both,@kchuradio,,Twitter
35,Alaska,Wrangell,Wrangell,KSTK,FM,101.7,both,@kstkradio,,Twitter
36,Arizona,Flagstaff,Flagstaff,KPUB,FM,91.7,both,@AZPubRadio,,Twitter
37,Arizona,Flagstaff,Flagstaff,KNAU,FM,88.7,both,@AZPubRadio,,Twitter
38,Arizona,Grand Canyon,Grand Canyon,KNAG,FM,90.3,both,@AZPubRadio,,Twitter
39,Arizona,Page,Page,KNAD,FM,91.7,both,None,,Twitter
40,Arizona,Phoenix,Phoenix,KBAQ,FM,89.5,both,@kbaq,,Twitter
41,Arizona,Phoenix,Phoenix,KJZZ,FM,91.5,both,@kjzzphoenix,,Twitter
42,Arizona,Prescott,Prescott,KNAQ,FM,89.3,both,@AZPubRadio,,Twitter
43,Arizona,Show Low,Show Low,KNAA,FM,90.7,both,@AZPubRadio,,Twitter
44,Arizona,Tucson,Tucson,KUAZ,AM,1550.0,both,@azpm,,Twitter
45,Arizona,Tucson,Tucson,KUAZ,FM,89.1,both,@azpm,,Twitter
46,Arizona,White River,White River,KNNB,FM,88.1,both,None,,Twitter
47,Arizona,Yuma,,KAWC,AM,1320.0,left_only,@kawc,,Twitter
48,Arizona,Yuma,Yuma,KAWC,FM,88.9,both,@kawc,,Twitter
49,Arkansas,El Dorado,El Dorado,KBSA,FM,90.9,both,None,,Twitter
50,Arkansas,Fayetteville,Fayetteville,KUAF,FM,91.3,both,@kuaf,,Twitter
51,Arkansas,Jonesboro,Jonesboro,KASU,FM,91.9,both,@kasuradio,,Twitter
52,Arkansas,Little Rock,Little Rock,KLRE,FM,90.5,both,None,,Twitter
53,Arkansas,Little Rock,Little Rock,KUAR,FM,89.1,both,@kuarpublicradio,,Twitter
54,California,Arcata,Arcata,KHSU,FM,90.5,both,@905khsu,,Twitter
55,California,Bakersfield,Bakersfield,KPRX,FM,89.1,both,@kvpr,,Twitter
56,California,Burney,Burney,KNCA,FM,89.7,both,None,,Twitter
57,California,Chico,Chico,KCHO,FM,91.7,both,@nsprnews,,Twitter
58,California,Crescent City,Crescent City,KHSR,FM,91.9,both,None,,Twitter
59,California,Fresno,Fresno,KVPR,FM,89.3,both,@kvpr,,Twitter
60,California,Groveland,Groveland,KXSR,FM,91.7,both,None,,Twitter
61,California,Indio,Indio,KCRI,FM,89.3,both,@kcrw,,Twitter
62,California,Long Beach,,KKJZ,FM,88.1,left_only,@kjazz881,,Twitter
63,California,Los Angeles,Los Angeles,KUSC,FM,91.5,both,@classicalkusc,,Twitter
64,California,Mt. Shasta,Mount Shasta,KNSQ,FM,88.1,both,None,,Twitter
65,California,North Hollywood,,KPFK,FM,90.7,left_only,@KPFK,,Twitter
66,California,Northridge,Northridge,KCSN,FM,88.5,both,@885fmsocal,,Twitter
67,California,Oxnard,Oxnard,KCRU,FM,89.1,both,@kcrw,,Twitter
68,California,Pacific Grove,Seaside,KAZU,FM,90.3,both,@903kazu,,Twitter
69,California,Palm Springs,Palm Springs,KPSC,FM,88.5,both,@kspc,,Twitter
70,California,Pasadena,Los Angeles,KPCC,FM,89.3,both,@kpcc,,Twitter
71,California,Pasadena,Pasadena,KPCC,FM,89.3,both,@kpcc,,Twitter
72,California,Philo,Philo,KZYX,FM,90.7,both,@kzyxmusic,,Twitter
73,California,Redding,Redding,KFPR,FM,88.9,both,@nsprnews,,Twitter
74,California,Sacramento,,KXJZ,FM,88.9,left_only,@capradionews,,Twitter
75,California,Sacramento,,KXPR,FM,90.9,left_only,@capradionews,,Twitter
76,California,San Ardo,,KBDH,FM,91.7,left_only,None,,Twitter
77,California,San Bernardino,San Bernardino,KVCR,FM,91.9,both,@kvcr_tvfm,,Twitter
78,California,San Diego,San Diego,KPBS,FM,89.5,both,@kpbsnews,,Twitter
79,California,San Francisco,San Francisco,KALW,FM,91.7,both,@kalw,,Twitter
80,California,San Francisco,San Francisco,KQED,FM,88.5,both,@kqed,,Twitter
81,California,San Luis Obispo,San Luis Obispo,KCBX,FM,90.1,both,@kcbxfm,,Twitter
82,California,San Mateo,San Mateo,KCSM,FM,91.1,both,@kcsmjazz91,,Twitter
83,California,Santa Barbara,,KFAC,FM,88.7,left_only,@Classicalkusc,,Twitter
84,California,Santa Cruz,,KUSP,FM,88.9,left_only,@kusp,,Twitter
85,California,Santa Monica,Los Angeles,KCRW,FM,89.9,both,@kcrw,,Twitter
86,California,Santa Monica,Santa Monica,KCRW,FM,89.9,both,@kcrw,,Twitter
87,California,Santa Rosa,Santa Rosa,KRCB,FM,91.1,both,@krcbtv22,,Twitter
88,California,Stockton,Sacramento,KUOP,FM,91.3,both,@capradionews,,Twitter
89,California,Tahoe City,Tahoe City,KKTO,FM,90.5,both,@capradionews,,Twitter
90,California,Thousand Oaks,Thousand Oaks,KCLU,FM,88.3,both,@kclulive,,Twitter
91,California,Thousand Oaks,,KCPB,FM,91.1,left_only,None,,Twitter
92,California,Willits,Willits,KZYZ,FM,91.5,both,@kzyzfm,,Twitter
93,California,Yreka,Yreka,KNYR,FM,91.3,both,None,,Twitter
94,Colorado,Alamosa,Alamosa,KRZA,FM,88.7,both,@krzaradio,,Twitter
95,Colorado,Aspen,Aspen,KAJX,FM,91.5,both,@aspenpubradio,,Twitter
96,Colorado,Boulder,Boulder,KCFC,AM,1490.0,both,@copublicradio,,Twitter
97,Colorado,Carbondale,,KDNK,FM,90.5,left_only,@kdnkradio,,Twitter
98,Colorado,Colorado Springs,Colorado Springs,KRCC,FM,91.5,both,@krcc,,Twitter
99,Colorado,Cortez,Cortez,KSJD,FM,91.5,both,@ksjdradio,,Twitter
100,Colorado,Crested Butte,Crested Butte,KBUT,FM,90.3,both,@kbutradio,,Twitter
101,Colorado,Delta,Delta,KPRU,FM,103.3,both,@cprclassical,,Twitter
102,Colorado,Denver,,KCFR,AM,1340.0,left_only,@cprclassical,,Twitter
103,Colorado,Denver,Denver,KUVO,FM,89.3,both,@kuvojazz,,Twitter
104,Colorado,Denver,,KVOD,FM,90.1,left_only,@cprclassical,,Twitter
105,Colorado,Grand Junction,Grand Junction,KPRN,FM,89.5,both,None,,Twitter
106,Colorado,Greeley,Greeley,KUNC,FM,91.5,both,@kunc,,Twitter
107,Colorado,Ignacio,Ignacio,KSUT,FM,91.3,both,@ksut,,Twitter
108,Colorado,Montrose,Montrose,KPRH,FM,88.3,both,@copublicradio,,Twitter
109,Colorado,Montrose,Montrose,KVMT,FM,89.1,both,@kvnfradio,,Twitter
110,Colorado,Paonia,Paonia,KVNF,FM,90.9,both,@kvnfradio,,Twitter
111,Colorado,Pueblo,Pueblo,KCFP,FM,91.9,both,@copublicradio,,Twitter
112,Colorado,Pueblo,Pueblo,KKPC,AM,1230.0,both,@copublicradio,,Twitter
113,Colorado,Telluride,Telluride,KOTO,FM,91.7,both,@koto_radio,,Twitter
114,Colorado,Vail,Vail,KPRE,FM,89.9,both,@copublicradio,,Twitter
115,Connecticut,Fairfield,Fairfield,WSHU,FM,91.1,both,@wshupublicradio,,Twitter
116,Connecticut,Meriden,,WPKT,FM,90.5,left_only,@wnpr,,Twitter
117,Connecticut,Norwich,,WNPR,FM,89.1,left_only,@wnpr,,Twitter
118,Connecticut,Stamford,Stamford,WEDW,FM,88.5,both,@wnpr,,Twitter
119,Connecticut,Westport,Westport,WSHU,AM,1260.0,both,@wshupublicradio,,Twitter
120,Connecticut,Willimantic,Willimantic,WECS,FM,90.1,both,@wecsfm,,Twitter
121,Delaware,Dover,Dover,WRTX,FM,91.7,both,@wrtimusic,,Twitter
122,District of Columbia,Washington,Washington,WAMU,FM,88.5,both,@wamu885,,Twitter
123,District of Columbia,Washington,Washington,WETA,FM,90.9,both,@wetatvfm,,Twitter
124,Florida,Ft. Myers,Ft. Myers,WGCU,FM,90.1,both,@wgcu,,Twitter
125,Florida,Ft. Pierce,Ft. Pierce,WQCS,FM,88.9,both,@wqcsnews,,Twitter
126,Florida,Gainesville,Gainesville,WUFT,FM,89.1,both,@wuftnews,,Twitter
127,Florida,Inverness,Inverness,WJUF,FM,90.1,both,@wuftmedia,,Twitter
128,Florida,Jacksonville,Jacksonville,WJCT,FM,89.9,both,@wjctjax,,Twitter
129,Florida,Marco,Marco,WMKO,FM,91.7,both,None,,Twitter
130,Florida,Melbourne,Melbourne,WFIT,FM,89.5,both,@wfit895fm,,Twitter
131,Florida,Miami,Miami,WLRN,FM,91.3,both,@wlrn,,Twitter
132,Florida,Orlando,Orlando,WMFE,FM,90.7,both,@wmfeorlando,,Twitter
133,Florida,Orlando,Orlando,WUCF,FM,89.9,both,@wucftv,,Twitter
134,Florida,Panama City,Panama City,WFSW,FM,89.1,both,@wfsu,,Twitter
135,Florida,Panama City,Panama City,WKGC,AM,1480.0,both,@WKGCNews,,Twitter
136,Florida,Panama City,Panama City,WKGC,FM,90.7,both,@WKGCNews,,Twitter
137,Florida,Pensacola,Pensacola,WUWF,FM,88.1,both,@wuwf,,Twitter
138,Florida,Tallahassee,Tallahassee,WFSQ,FM,91.5,both,@wfsumedia,,Twitter
139,Florida,Tallahassee,Tallahassee,WFSU,FM,88.9,both,@wfsumedia,,Twitter
140,Florida,Tampa,Tampa,WMNF,FM,88.5,both,@wmnf,,Twitter
141,Florida,Tampa,Tampa,WUSF,FM,89.7,both,@wusf,,Twitter
142,Florida,West Palm Beach,,WXEL,FM,90.7,left_only,@wxeltv,,Twitter
143,Georgia,Albany,Albany,WUNV,FM,91.7,both,@mygpb,,Twitter
144,Georgia,Athens,Athens,WUGA,FM,91.7,both,@wugafm,,Twitter
145,Georgia,Atlanta,Atlanta,WABE,FM,90.1,both,@wabenews,,Twitter
146,Georgia,Atlanta,Atlanta,WCLK,FM,91.9,both,@Jazz919WCLKatl,,Twitter
147,Georgia,Atlanta,,WRFG,FM,89.3,left_only,@wrfgatlanta,,Twitter
148,Georgia,Augusta,Augusta,WACG,FM,90.7,both,@gpbradioaugusta,,Twitter
149,Georgia,Brunswick,Brunswick,WWIO,FM,89.1,both,@mygpb,,Twitter
150,Georgia,Carrolton,,WWGC,FM,90.7,left_only,None,,Twitter
151,Georgia,Columbus,Columbus,WTJB,FM,91.7,both,@TROYUNews,,Twitter
152,Georgia,Dahlonega,Dahlonega,WNGU,FM,89.5,both,@mygpb,,Twitter
153,Georgia,Demorest,Demorest,WPPR,FM,88.3,both,@mygpb,,Twitter
154,Georgia,Ft. Gaines,Fort Gaines,WJWV,FM,90.9,both,@mygpb,,Twitter
155,Georgia,Macon,,WDCO,FM,89.7,left_only,@mygpb,,Twitter
156,Georgia,Savannah,Savannah,WSVH,FM,91.1,both,@gpbsavannah,,Twitter
157,Georgia,Tifton,Tifton,WABR,FM,91.1,both,@gpbsavannah,,Twitter
158,Georgia,Valdosta,Valdosta,WWET,FM,91.7,both,@mygpb,,Twitter
159,Georgia,Warm Springs,Warm Springs,WJSP,FM,88.1,both,@gpbnewmedia,,Twitter
160,Georgia,Waycross,Waycross,WXVS,FM,90.1,both,@mygpb,,Twitter
161,Guam,Agana,,KPRG,FM,89.3,left_only,@kprgfm,,Twitter
162,Hawaii,Honolulu,Honolulu,KHPR,FM,88.1,both,@wearehpr,,Twitter
163,Hawaii,Honolulu,Honolulu,KIPO,FM,89.3,both,@wearehpr,,Twitter
164,Hawaii,Wailuku,Wailuku,KKUA,FM,90.7,both,None,,Twitter
165,Idaho,Boise,,KBSU,AM,730.0,left_only,@kbsu903,,Twitter
166,Idaho,Boise,Boise,KBSU,FM,90.3,both,@kbsu903,,Twitter
167,Idaho,Boise,Boise,KBSX,FM,91.5,both,@kbsx915,,Twitter
168,Idaho,Bonners Ferry,Bonners Ferry,KIBX,FM,92.1,both,@sprlocalnews,,Twitter
169,Idaho,Cottonwood,Cottonwood,KNWO,FM,90.1,both,None,,Twitter
170,Idaho,McCall,McCall,KBSM,FM,91.7,both,@KBSX915,,Twitter
171,Idaho,Moscow,Moscow,KRFA,FM,91.7,both,@nwpbclassical,,Twitter
172,Idaho,Pocatello,Pocatello,KISU,FM,91.1,both,None,,Twitter
173,Idaho,Rexburg,Rexburg,KBYI,FM,100.5,both,@byuidahoradio,,Twitter
174,Idaho,Twin Falls,,KEJZ,AM,1450.0,left_only,None,,Twitter
175,Idaho,Twin Falls,Twin Falls,KBSW,FM,91.7,both,@BSX915,,Twitter
176,Illinois,Carbondale,Carbondale,WSIU,FM,91.9,both,@wsiutv,,Twitter
177,Illinois,Champaign,,WEFT,FM,90.1,left_only,@WFETradio,,Twitter
178,Illinois,Chicago,Chicago,WBEZ,FM,91.5,both,@wbez,,Twitter
179,Illinois,DeKalb,,WNIU,FM,90.5,left_only,@classicalwniu,,Twitter
180,Illinois,Edwardsville,Edwardsville,WSIE,FM,88.7,both,@wsie887thesound,,Twitter
181,Illinois,Freeport,Freeport,WNIE,FM,89.1,both,None,,Twitter
182,Illinois,LaSalle,LaSalle,WNIW,FM,91.5,both,@tristatespr,,Twitter
183,Illinois,Macomb,Macomb,WIUM,FM,91.3,both,@tristatespr,,Twitter
184,Illinois,Mt.Vernon,Mt. Vernon,WVSI,FM,88.9,both,@wsiuradio,,Twitter
185,Illinois,Normal,Normal,WGLT,FM,89.1,both,@wgltnews,,Twitter
186,Illinois,Olney,Olney,WUSI,FM,90.3,both,@wsiuradio,,Twitter
187,Illinois,Peoria,Peoria,WCBU,FM,89.9,both,@WCBURadio,,Twitter
188,Illinois,Pittsfield,Pittsfield,WIPA,FM,89.3,both,@wqub,,Twitter
189,Illinois,Quincy,Quincy,WQUB,FM,90.3,both,None,,Twitter
190,Illinois,Rock Island,Rock Island,WVIK,FM,90.3,both,@wvikfm,,Twitter
191,Illinois,Rockford,DeKalb,WNIJ,FM,89.5,both,@wnijnews,,Twitter
192,Illinois,Rockford,Rockford,WNIJ,FM,89.5,both,@wnijnews,,Twitter
193,Illinois,Springfield,Springfield,WUIS,FM,91.9,both,@nprillinois,,Twitter
194,Illinois,Sterling,Sterling,WNIQ,FM,91.5,both,@wnijnews,,Twitter
195,Illinois,Urbana,Urbana,WILL,AM,580.0,both,@willpublicmedia,,Twitter
196,Illinois,Urbana,,WILL,FM,90.9,left_only,@willpublicmedia,,Twitter
197,Illinois,Warsaw,Warsaw,WIUW,FM,89.5,both,None,,Twitter
198,Indiana,Anderson,Anderson,WBSB,FM,89.5,both,@INPublicRadio,,Twitter
199,Indiana,Bloomington,Bloomington,WFIU,FM,103.7,both,@wfiu,,Twitter
200,Indiana,Elkhart,Elkhart,WVPE,FM,88.1,both,@wvpe,,Twitter
201,Indiana,Evansville,Evansville,WNIN,FM,88.3,both,@WNIN,,Twitter
202,Indiana,Fort Wayne,,WBNI,FM,89.1,left_only,@WBNI941,,Twitter
203,Indiana,Goshen,,WGCS,FM,91.1,left_only,@911TheGlobe,,Twitter
204,Indiana,Hagerstown,Hagerstown,WBSH,FM,91.1,both,@INPublicRadio,,Twitter
205,Indiana,Indianapolis,Indianapolis,WFYI,FM,90.1,both,@wfyi,,Twitter
206,Indiana,Lafayette,West Lafayette,WBAA,AM,920.0,both,@wbaanews,@wbaaradio,Twitter
207,Indiana,Marion,Marion,WBSW,FM,90.9,both,@INPublicRadio,,Twitter
208,Indiana,Muncie,Muncie,WBST,FM,92.1,both,@INPublicRadio,,Twitter
209,Indiana,North Manchester,,WBKE,FM,89.5,left_only,None,,Twitter
210,Indiana,Orland,,WBOI,FM,91.3,left_only,@wboi,,Twitter
211,Indiana,Portland,Portland,WBSJ,FM,91.7,both,@INpublicradio,,Twitter
212,Indiana,Richmond,,WVXR,FM,89.3,left_only,None,,Twitter
213,Indiana,West Lafayette,West Lafayette,WBAA,FM,101.3,both,@wbaaradio,@wbaanews,Twitter
214,Iowa,Ames,Ames,WOI,AM,640.0,both,@iowapublicradio,,Twitter
215,Iowa,Ames,Ames,WOI,FM,90.1,both,@iowapublicradio,,Twitter
216,Iowa,Cedar Falls,Cedar Falls,KUNI,FM,90.9,both,@iowapublicradio,,Twitter
217,Iowa,Cedar Rapids,Cedar Rapids,KCCK,FM,88.3,both,@jazz883kcck,,Twitter
218,Iowa,Decorah,Decorah,KLNI,FM,88.7,both,None,,Twitter
219,Iowa,Fort Dodge,,KTPR,FM,91.1,left_only,None,,Twitter
220,Iowa,Iowa City,Iowa City,WSUI,AM,910.0,both,@iowapublicradio,,Twitter
221,Iowa,Iowa City,Iowa City,KSUI,FM,91.7,both,@iowapublicradio,,Twitter
222,Iowa,Mason City,Mason City,KRNI,AM,1010.0,both,@iowapublicradio,,Twitter
223,Iowa,Mason City,,KUNY,FM,91.5,left_only,None,,Twitter
224,Iowa,Sioux City,Sioux City,KWIT,FM,90.3,both,@kwitkoji,,Twitter
225,Kansas,Emporia,Emporia,KANH,FM,89.7,both,@kprnews,,Twitter
226,Kansas,Garden City,Garden City,KANZ,FM,91.1,both,@hppr,,Twitter
227,Kansas,Great Bend,Great Bend,KHCT,FM,90.9,both,None,,Twitter
228,Kansas,Hill City,Hill City,KZNA,FM,90.5,both,@hppr,,Twitter
229,Kansas,Hutchinson,Hutchinson,KHCC,FM,90.1,both,@radiokansas,,Twitter
230,Kansas,Lawrence,Lawrence,KANU,FM,91.5,both,@kprnews,,Twitter
231,Kansas,Pittsburg,Pittsburg,KRPS,FM,89.9,both,@krps899,,Twitter
232,Kansas,Salina,Salina,KHCD,FM,89.5,both,@radiokansas,,Twitter
233,Kansas,Wichita,Wichita,KMUW,FM,89.1,both,@kmuw,,Twitter
234,Kentucky,Booneville,,WOCS,FM,88.3,left_only,None,,Twitter
235,Kentucky,Bowling Green,Bowling Green,WKYU,FM,88.9,both,@wkupublicradio,,Twitter
236,Kentucky,Elizabethtown,Elizabethtown,WKUE,FM,90.9,both,@wkupublicradio,,Twitter
237,Kentucky,Georgetown,,WRVG,FM,89.9,left_only,@wrvg,,Twitter
238,Kentucky,Hazard,Hazard,WEKH,FM,90.9,both,None,,Twitter
239,Kentucky,Henderson,Henderson,WKPB,FM,89.5,both,@wkupublicradio,,Twitter
240,Kentucky,Highland Heights,,WNKU,FM,89.7,left_only,@wnku,,Twitter
241,Kentucky,Lexington,Lexington,WUKY,FM,91.3,both,@wuky,,Twitter
242,Kentucky,Louisville,Louisville,WFPK,FM,91.9,both,@wfpk,,Twitter
243,Kentucky,Louisville,Louisville,WFPL,FM,89.3,both,@wfplnews,,Twitter
244,Kentucky,Morehead,Morehead,WMKY,FM,90.3,both,@mspr903fm,,Twitter
245,Kentucky,Murray,Murray,WKMS,FM,91.3,both,@wkms,,Twitter
246,Kentucky,Richmond,Richmond,WEKU,FM,88.9,both,@889weku,,Twitter
247,Kentucky,Somerset,Somerset,WDCL,FM,89.7,both,@wkupublicradio,,Twitter
248,Louisana,Alexandria,,KLSA,FM,90.7,left_only,@rrrpublicradio,,Twitter
249,Louisana,Baton Rouge,,WBRH,FM,90.3,left_only,@talk1073,,Twitter
250,Louisana,Baton Rouge,,WRKF,FM,89.3,left_only,@wrkf,,Twitter
251,Louisana,Lafayette,,KRVS,FM,88.7,left_only,@krvsmedia,,Twitter
252,Louisana,Monroe,,KEDM,FM,90.3,left_only,@kedmpublicradio,,Twitter
253,Louisana,New Orleans,,WWNO,FM,89.9,left_only,@wwno,,Twitter
254,Louisana,Shreveport,,KDAQ,FM,89.9,left_only,@rrrpublicradio,,Twitter
255,Louisana,Thibodaux,,KTLN,FM,90.5,left_only,@wwno,,Twitter
256,Maine,Bangor,Bangor,WMEH,FM,90.9,both,@MainePublic,,Twitter
257,Maine,Calais,Calais,WMED,FM,89.7,both,@MainePublic,,Twitter
258,Maine,Fort Kent,Fort Kent,WMEF,FM,106.5,both,None,,Twitter
259,Maine,Lewiston,Portland,WMEA,FM,90.1,both,@MPBNnews,,Twitter
260,Maine,Presque Isle,Presque Isle,WMEM,FM,106.1,both,@mainepublic,,Twitter
261,Maine,Waterville,Waterville,WMEW,FM,91.3,both,@mainepublic,,Twitter
262,Maryland,Baltimore,Baltimore,WEAA,FM,88.9,both,None,,Twitter
263,Maryland,Baltimore,Baltimore,WYPR,FM,88.1,both,@wypr881FM,,Twitter
264,Maryland,Frostburg,Frostburg,WFWM,FM,91.9,both,@xfsrfrostburg,,Twitter
265,Maryland,Hagerstown,,WETH,FM,89.1,left_only,None,,Twitter
266,Maryland,Ocean City,Ocean City,WSDL,FM,90.7,both,@wscl_wsdl,,Twitter
267,Maryland,Princess Anne,Princess Anne,WESM,FM,91.3,both,None,,Twitter
268,Maryland,Salisbury,Salisbury,WSCL,FM,89.5,both,@wscl_wsdl,,Twitter
269,Maryland,Worton,Worton,WKHS,FM,90.5,both,@wkhsradio,,Twitter
270,Massachusetts,Amherst,Amherst,WFCR,FM,88.5,both,@wfcr885,,Twitter
271,Massachusetts,Amherst,,WPNI,AM,1430.0,left_only,None,,Twitter
272,Massachusetts,Boston,Boston,WBUR,FM,90.9,both,@WBUR,,Twitter
273,Massachusetts,Boston,Boston,WGBH,FM,89.7,both,@wgbh,,Twitter
274,Massachusetts,Boston,Boston,WUMB,FM,91.9,both,@wumbradio,,Twitter
275,Massachusetts,Falmouth,Falmouth,WFPB,FM,91.9,both,@wumbradio,,Twitter
276,Massachusetts,Great Barrington,Great Barrington,WAMQ,FM,105.1,both,@wamcradio,,Twitter
277,Massachusetts,Harwich,Harwich,WCCT,FM,90.3,both,None,,Twitter
278,Massachusetts,Nantucket,Nantucket,WNAN,FM,91.1,both,None,,Twitter
279,Massachusetts,Newburyport,,WNAF,FM,91.7,left_only,@wumbradio,,Twitter
280,Massachusetts,Orleans,Orleans,WFPB,AM,1170.0,both,@wumbradio,,Twitter
281,Massachusetts,Sandwich,Sandwich,WSDH,FM,91.5,both,@WSDHradio,,Twitter
282,Massachusetts,W.Yarmouth,,WBUR,AM,1240.0,left_only,@wbur,,Twitter
283,Massachusetts,Woods Hole,Woods Hole,WCAI,FM,90.1,both,@wcai_npr,,Twitter
284,Massachusetts,Worcester,Worcester,WBPR,FM,91.9,both,@wumbradio,,Twitter
285,Massachusetts,Worcester,Worcester,WICN,FM,90.5,both,@WICN905,,Twitter
286,Michigan,Allendale,Allendale,WGVU,FM,88.5,both,@WGVUPublicMedia,,Twitter
287,Michigan,Alpena,Alpena,WCML,FM,91.7,both,@wcmunews,,Twitter
288,Michigan,Ann Arbor,Ann Arbor,WUOM,FM,91.7,both,@MichiganRadio,,Twitter
289,Michigan,Bay City,Bay City,WUCX,FM,90.1,both,@wucx,,Twitter
290,Michigan,Detroit,Detroit,WDET,FM,101.9,both,@wdet,,Twitter
291,Michigan,East Jordan,,WIZY,FM,100.9,left_only,None,,Twitter
292,Michigan,East Lansing,East Lansing,WKAR,AM,870.0,both,@wkar,,Twitter
293,Michigan,East Lansing,East Lansing,WKAR,FM,90.5,both,@wkar,,Twitter
294,Michigan,Flint,Flint,WFUM,FM,91.1,both,@michiganradio,,Twitter
295,Michigan,Grand Rapids,Grand Rapids,WBLU,FM,88.9,both,None,,Twitter
296,Michigan,Grand Rapids,Grand Rapids,WVGR,FM,104.1,both,@michiganradio,,Twitter
297,Michigan,Harbor Springs,Harbor Springs,WCMW,FM,103.9,both,@wcmunews,,Twitter
298,Michigan,Houghton,,WGGL,FM,91.9,left_only,None,,Twitter
299,Michigan,Interlochen,Interlochen,WIAA,FM,88.7,both,@IPRNewsRadio,,Twitter
300,Michigan,Kalamazoo,Kalamazoo,WMUK,FM,102.1,both,@wmuk1021,,Twitter
301,Michigan,Kentwood,Kentwood,WGVU,AM,1480.0,both,@WGVUPublicMedia,,Twitter
302,Michigan,Lansing,,WLNZ,FM,89.7,left_only,@LCCRadio,,Twitter
303,Michigan,Manistee,,WVXM,FM,97.7,left_only,None,,Twitter
304,Michigan,Marquette,Marquette,WNMU,FM,90.1,both,@WNMU,,Twitter
305,Michigan,Mt. Pleasant,Mt. Pleasant,WCMU,FM,89.5,both,@WCMUNews,@WCMUTV,Twitter
306,Michigan,Muskegon,Muskegon,WGVS,AM,850.0,both,None,,Twitter
307,Michigan,Oscoda,Oscoda,WCMB,FM,95.7,both,None,,Twitter
308,Michigan,Rogers City,,WVXA,FM,96.7,left_only,None,,Twitter
309,Michigan,Sault Ste. Marie,Sault Ste. Marie,WCMZ,FM,98.3,both,@wcmunews,@wcmutv,Twitter
310,Michigan,Standish,Standish,WWCM,FM,96.9,both,None,,Twitter
311,Michigan,Traverse City,Traverse City,WICA,FM,91.5,both,@iprnewsradio,,Twitter
312,Michigan,Twin Lake,Twin Lake,WBLV,FM,90.3,both,None,,Twitter
313,Michigan,Whitehall,Whitehall,WGVS,FM,95.3,both,None,,Twitter
314,Michigan,Ypsilanti,Ypsilanti,WEMU,FM,89.1,both,@wemu891,,Twitter
315,Minnesota,Appleton,Appleton,KNCM,FM,88.5,both,@mprnews,,Twitter
316,Minnesota,Bemidji,Bemidji,KNBJ,FM,91.3,both,@mprnews,,Twitter
317,Minnesota,Brainerd,Brainerd,KBPR,FM,90.7,both,None,,Twitter
318,Minnesota,Buhl,Buhl,WIRN,FM,92.5,both,@mprnews,,Twitter
319,Minnesota,Collegeville,St. Cloud,KNSR,FM,88.9,both,@mprnews,,Twitter
320,Minnesota,Duluth,Cloquet,WSCN,FM,100.5,both,@mprnews,,Twitter
321,Minnesota,Grand Rapids,Grand Rapids,KAXE,FM,91.7,both,@KAXE,,Twitter
322,Minnesota,La Crescent,La Crescent,KXLC,FM,91.1,both,@mprnews,,Twitter
323,Minnesota,Moorhead,Moorhead,KCCD,FM,90.3,both,@mprnews,,Twitter
324,Minnesota,Northfield,,WCAL,FM,89.3,left_only,@mprnews,,Twitter
325,Minnesota,Rochester,Rochester,KMSE,FM,88.7,both,@mprnews,,Twitter
326,Minnesota,Rochester,,KZSE,FM,90.7,left_only,@mprnews,,Twitter
327,Minnesota,St. Paul,Minneapolis,KNOW,FM,91.1,both,@mprnews,,Twitter
328,Minnesota,St. Peters,Mankato,KNGA,FM,91.5,both,@mprnews,,Twitter
329,Minnesota,Thief River Falls,Thief River Falls,KNTN,FM,102.7,both,@TRFRADIO,,Twitter
330,Minnesota,Worthington,Worthington,KNSW,FM,91.7,both,@mprnews,,Twitter
331,Mississippi,Biloxi,Biloxi,WMAH,FM,90.3,both,@mpbonline,,Twitter
332,Mississippi,Booneville,Booneville,WMAE,FM,89.5,both,,,Twitter
333,Mississippi,Bude,Bude,WMAU,FM,88.9,both,,,Twitter
334,Mississippi,Greenwood,Greenwood,WMAO,FM,90.9,both,,,Twitter
335,Mississippi,Holly Springs,Holly Springs,WURC,FM,88.1,both,,,Twitter
336,Mississippi,Jackson,Jackson,WJSU,FM,88.5,both,,,Twitter
337,Mississippi,Jackson,Jackson,WMPN,FM,91.3,both,@MPBNews,@MPBOnline,Twitter
338,Mississippi,Lorman,Lorman,WPRL,FM,91.7,both,@mpbonline,,Twitter
339,Mississippi,Meridian,Meridian,WMAW,FM,88.1,both,@mpbonline,,Twitter
340,Mississippi,Mississippi State,Mississippi State,WMAB,FM,89.9,both,,,Twitter
341,Mississippi,Oxford,Oxford,WMAV,FM,90.3,both,@mpbonline,,Twitter
342,Mississippi,Senatobia,,WKNA,FM,88.9,left_only,,,Twitter
343,Missouri,Branson,Branson,KSMS,FM,90.5,both,,,Twitter
344,Missouri,Cape Girardeau,Cape Girardeau,KRCU,FM,90.9,both,@krcufm,,Twitter
345,Missouri,Chillicothe,Chillicothe,KRNW,FM,88.9,both,,,Twitter
346,Missouri,Columbia,Columbia,KBIA,FM,91.3,both,@kbia,,Twitter
347,Missouri,Columbia,Columbia,KOPN,FM,89.5,both,@kopnfm,,Twitter
348,Missouri,Kansas City,Kansas City,KCUR,FM,89.3,both,@kcur,,Twitter
349,Missouri,Maryville,Maryville,KXCV,FM,90.5,both,@kxcvkrnw,,Twitter
350,Missouri,Rolla,,KUMR,FM,88.5,left_only,,,Twitter
351,Missouri,Springfield,Springfield,KSMU,FM,91.1,both,,,Twitter
352,Missouri,St. Louis,St. Louis,KWMU,FM,90.7,both,,,Twitter
353,Missouri,Warrensburg,Warrensburg,KTBG,FM,90.9,both,,,Twitter
354,Montana,Billings,Billings,KEMC,FM,91.7,both,,,Twitter
355,Montana,Bozeman,Bozeman,KBMC,FM,102.1,both,,,Twitter
356,Montana,Butte,Butte,KAPC,FM,91.3,both,,,Twitter
357,Montana,Fort Belknap,Fort Belknap,KGVA,FM,88.1,both,,,Twitter
358,Montana,Great Falls,Great Falls,KGPR,FM,89.9,both,,,Twitter
359,Montana,Hamilton,Hamilton,KUFN,FM,91.9,both,,,Twitter
360,Montana,Havre,,KNMC,FM,90.1,left_only,(@KNMCradio),,Twitter
361,Montana,Helena,Helena,KUHM,FM,91.7,both,,,Twitter
362,Montana,Kalispell,Kalispell,KUKL,FM,89.9,both,,,Twitter
363,Montana,Miles City,,KECC,FM,90.7,left_only,,,Twitter
364,Montana,Missoula,Missoula,KUFM,FM,89.1,both,,,Twitter
365,Nebraska,Alliance,Alliance,KTNE,FM,91.1,both,,,Twitter
366,Nebraska,Bassett,Bassett,KMNE,FM,90.3,both,,,Twitter
367,Nebraska,Chadron,Chadron,KCNE,FM,91.9,both,,,Twitter
368,Nebraska,Hastings,Hastings,KHNE,FM,89.1,both,,,Twitter
369,Nebraska,Lexington,Lexington,KLNE,FM,88.7,both,,,Twitter
370,Nebraska,Lincoln,Lincoln,KUCV,FM,91.1,both,,,Twitter
371,Nebraska,Merriman,Merriman,KRNE,FM,91.5,both,,,Twitter
372,Nebraska,Norfolk,Norfolk,KXNE,FM,89.3,both,,,Twitter
373,Nebraska,North Platte,North Platte,KPNE,FM,91.7,both,,,Twitter
374,Nebraska,Omaha,Omaha,KIOS,FM,91.5,both,,,Twitter
375,Nevada,Elko,Elko,KNCC,FM,91.5,both,,,Twitter
376,Nevada,Las Vegas,,KNPR,FM,89.5,left_only,,,Twitter
377,Nevada,Las Vegas,Las Vegas,KUNV,FM,91.5,both,,,Twitter
378,Nevada,Las Vegas,Lund,KWPR,FM,88.7,both,,,Twitter
379,Nevada,Panaca,Panaca,KLNR,FM,91.7,both,,,Twitter
380,Nevada,Reno,Reno,KUNR,FM,88.7,both,,,Twitter
381,Nevada,Tonopah,Tonopah,KTPH,FM,91.7,both,,,Twitter
382,New Hampshire,Concord,Concord,WEVO,FM,89.1,both,,,Twitter
383,New Hampshire,Gorham,Gorham,WEVC,FM,107.1,both,,,Twitter
384,New Hampshire,Hanover,Hanover,WEVH,FM,91.3,both,,,Twitter
385,New Hampshire,Keene,Keene,WEVN,FM,90.7,both,,,Twitter
386,New Jersey,Atlantic City,Atlantic City,WNJN,FM,89.7,both,,,Twitter
387,New Jersey,Berlin,Berlin,WNJS,FM,88.1,both,,,Twitter
388,New Jersey,Bridgeton,Bridgeton,WNJB,FM,89.3,both,,,Twitter
389,New Jersey,Cape May,Cape May,WNJZ,FM,90.3,both,,,Twitter
390,New Jersey,Hackettstown,,WNTI,FM,91.9,left_only,,,Twitter
391,New Jersey,Lincroft,Lincroft,WBJB,FM,90.5,both,,,Twitter
392,New Jersey,Manahawkin,Manahawkin,WNJM,FM,89.9,both,,,Twitter
393,New Jersey,Newark,Newark,WBGO,FM,88.3,both,,,Twitter
394,New Jersey,Atlantic City,,WRTQ,FM,91.3,left_only,,,Twitter
395,New Jersey,Sussex,Sussex,WNJP,FM,88.5,both,,,Twitter
396,New Jersey,Trenton,Trenton,WNJT,FM,88.1,both,,,Twitter
397,New Mexico,Albuquerque,Albuquerque,KANW,FM,89.1,both,,,Twitter
398,New Mexico,Albuquerque,Albuquerque,KUNM,FM,89.9,both,,,Twitter
399,New Mexico,Gallup,Gallup,KGLP,FM,91.7,both,,,Twitter
400,New Mexico,Las Cruces,Las Cruces,KRWG,FM,90.7,both,,,Twitter
401,New Mexico,Magdalena,,KABR,AM,1500.0,left_only,,,Twitter
402,New Mexico,Maljamar,Maljamar,KMTH,FM,98.7,both,,,Twitter
403,New Mexico,Portales,Portales,KENW,FM,89.5,both,,,Twitter
404,New Mexico,Ramah,Ramah,KTDB,FM,89.7,both,,,Twitter
405,New York,Albany,Albany,WAMC,FM,90.3,both,,,Twitter
406,New York,Binghamton,Binghamton,WSKG,FM,89.3,both,,,Twitter
407,New York,Binghamton,Binghamton,WSQX,FM,91.5,both,,,Twitter
408,New York,Blue Mountain Lake,Blue Mtn. Lake,WXLH,FM,91.3,both,,,Twitter
409,New York,Brooklyn,Brooklyn,WNYE,FM,91.5,both,,,Twitter
410,New York,Brookville,Brookville,WCWP,FM,88.1,both,,,Twitter
411,New York,Buffalo,Buffalo,WBFO,FM,88.7,both,,,Twitter
412,New York,Buffalo,,WNED,AM,970.0,left_only,,,Twitter
413,New York,Buffalo,,WNED,FM,89.3,left_only,,,Twitter
414,New York,Canajoharie,Canajoharie,WCAN,FM,93.3,both,,,Twitter
415,New York,Canton,Canton,WSLU,FM,89.5,both,,,Twitter
416,New York,Corning,Corning,WSQE,FM,91.1,both,,,Twitter
417,New York,Geneva,,WEOS,FM,89.7,left_only,,,Twitter
418,New York,Hornell,Hornell,WSQA,FM,88.7,both,,,Twitter
419,New York,Houghton,,WJSL,FM,90.3,left_only,,,Twitter
420,New York,Ithaca,Ithaca,WSQG,FM,90.9,both,,,Twitter
421,New York,Jamestown,Jamestown,WUBJ,FM,88.1,both,,,Twitter
422,New York,Jeffersonville,Jeffersonville,WJFF,FM,90.5,both,,,Twitter
423,New York,Kingston,Kingston,WAMK,FM,90.9,both,,,Twitter
424,New York,Malone,Malone,WSLO,FM,90.9,both,,,Twitter
425,New York,Middletown,Middletown,WOSR,FM,91.7,both,,,Twitter
426,New York,New York City,New York City,WFUV,FM,90.7,both,,,Twitter
427,New York,New York City,New York City,WNYC,AM,820.0,both,,,Twitter
428,New York,New York City,New York City,WNYC,FM,93.9,both,,,Twitter
429,New York,North Creek,North Creek,WXLG,FM,89.9,both,,,Twitter
430,New York,Olean,Olean,WOLN,FM,91.3,both,,,Twitter
431,New York,Oneonta,Oneonta,WSQC,FM,91.7,both,,,Twitter
432,New York,Oswego,Oswego,WRVO,FM,89.9,both,,,Twitter
433,New York,Oswego,Oswego,WRVD,FM,90.3,both,,,Twitter
434,New York,Peru,,WXLU,FM,88.3,left_only,,,Twitter
435,New York,Plattsburgh,Plattsburgh,WCEL,FM,91.9,both,,,Twitter
436,New York,Poughkeepsie,Poughkeepsie,WRHV,FM,88.7,both,,,Twitter
437,New York,Rochester,Rochester,WXXI,AM,1370.0,both,,,Twitter
438,New York,Rochester,Rochester,WXXI,FM,91.5,both,,,Twitter
439,New York,Saranac Lake,Saranac Lake,WSLL,FM,90.5,both,,,Twitter
440,New York,Schenectady,Schenectady,WMHT,FM,89.1,both,,,Twitter
441,New York,Selden,Selden,WSUF,FM,89.9,both,,,Twitter
442,New York,Southampton,,WLIU,FM,88.3,left_only,,,Twitter
443,New York,Southampton,Southampton,WRLI,FM,91.3,both,,,Twitter
444,New York,Syracuse,Syracuse,WAER,FM,88.3,both,,,Twitter
445,New York,Syracuse,Syracuse,WCNY,FM,91.3,both,,,Twitter
446,New York,Ticonderoga,Ticonderoga,WANC,FM,103.9,both,,,Twitter
447,New York,Utica,Utica,WRVN,FM,91.9,both,,,Twitter
448,New York,Utica,Utica,WUNY,FM,89.5,both,,,Twitter
449,New York,Watertown,Watertown,WJNY,FM,90.9,both,,,Twitter
450,New York,Watertown,Watertown,WRVJ,FM,91.7,both,,,Twitter
451,New York,Watertown,Watertown,WSLJ,FM,88.9,both,,,Twitter
452,North Carolina,Asheville,Asheville,WCQS,FM,88.1,both,,,Twitter
453,North Carolina,Atlantic Beach,Atlantic Beach,WBJD,FM,91.5,both,,,Twitter
454,North Carolina,Buxton,Buxton,WBUX,FM,90.5,both,,,Twitter
455,North Carolina,Chapel Hill,Chapel Hill,WUNC,FM,91.5,both,,,Twitter
456,North Carolina,Charlotte,Charlotte,WFAE,FM,90.7,both,,,Twitter
457,North Carolina,Davidson,Davidson,WDAV,FM,89.9,both,,,Twitter
458,North Carolina,Durham,Durham,WNCU,FM,90.7,both,,,Twitter
459,North Carolina,Fayetteville,Fayetteville,WFSS,FM,91.9,both,,,Twitter
460,North Carolina,Franklin,Franklin,WFQS,FM,91.3,both,,,Twitter
461,North Carolina,Hickory,Hickory,WFHE,FM,90.3,both,,,Twitter
462,North Carolina,Kingston,,WKNS,FM,90.5,left_only,,,Twitter
463,North Carolina,Manteo,Manteo,WURI,FM,91.5,both,,,Twitter
464,North Carolina,New Bern,New Bern,WTEB,FM,89.3,both,,,Twitter
465,North Carolina,Roanoke Rapids,,WZRU,FM,88.5,left_only,,,Twitter
466,North Carolina,Rocky Mount,,WRQM,FM,90.0,left_only,,,Twitter
467,North Carolina,Spindale,Spindale,WNCW,FM,88.7,both,,,Twitter
468,North Carolina,Wilmington,Wilmington,WHQR,FM,91.3,both,,,Twitter
469,North Carolina,Winston-Salem,Winston-Salem,WFDD,FM,88.5,both,,,Twitter
470,North Dakota,Belcourt,Belcourt,KEYA,FM,88.5,both,,,Twitter
471,North Dakota,Bismarck,Bismarck,KCND,FM,90.5,both,,,Twitter
472,North Dakota,Dickinson,Dickinson,KDPR,FM,89.9,both,,,Twitter
473,North Dakota,Fargo,Fargo,KDSU,FM,91.9,both,,,Twitter
474,North Dakota,Grand Forks,Grand Forks,KUND,FM,89.3,both,,,Twitter
475,North Dakota,Jamestown,Jamestown,KPRJ,FM,91.5,both,,,Twitter
476,North Dakota,Minot,Minot,KMPR,FM,88.9,both,,,Twitter
477,North Dakota,Williston,Williston,KPPR,FM,89.5,both,,,Twitter
478,Ohio,Athens,Athens,WOUB,AM,1340.0,both,,,Twitter
479,Ohio,Athens,Athens,WOUB,FM,91.3,both,,,Twitter
480,Ohio,Bryan,Bryan,WGBE,FM,90.9,both,,,Twitter
481,Ohio,Cambridge,Cambridge,WOUC,FM,89.1,both,(@wouc),,Twitter
482,Ohio,Chillicothe,Chillicothe,WOUH,FM,91.9,both,,,Twitter
483,Ohio,Chillicothe,,WVXC,FM,89.3,left_only,,,Twitter
484,Ohio,Cincinnati,Cincinnati,WGUC,FM,90.9,both,(@909WGUC),,Twitter
485,Ohio,Cincinnati,Cincinnati,WVXU,FM,91.7,both,(@917wvxu),,Twitter
486,Ohio,Cleveland,Cleveland,WCPN,FM,90.3,both,(@WCPN),,Twitter
487,Ohio,Columbus,Columbus,WCBE,FM,90.5,both,(@WCBE905Columbus),,Twitter
488,Ohio,Columbus,,WOSU,AM,820.0,left_only,(@WOSU),,Twitter
489,Ohio,Coshocton,Coshocton,WOSE,FM,91.1,both,,,Twitter
490,Ohio,Dayton,Dayton,WDPR,FM,88.1,both,,,Twitter
491,Ohio,Defiance,Defiance,WGDE,FM,91.9,both,,,Twitter
492,Ohio,Ironton,Ironton,WOUL,FM,89.1,both,,,Twitter
493,Ohio,Kent,Kent,WKSU,FM,89.7,both,(@WKSU),,Twitter
494,Ohio,Lima,Lima,WGLE,FM,90.7,both,,,Twitter
495,Ohio,Mansfield,Mansfield,WOSV,FM,91.7,both,,,Twitter
496,Ohio,Marion,Marion,WOSB,FM,91.1,both,,,Twitter
497,Ohio,Mt. Gilead,,WVXG,FM,95.1,left_only,,,Twitter
498,Ohio,New Philadelphia,New Philadelphia,WKRJ,FM,91.5,both,,,Twitter
499,Ohio,Oxford,Oxford,WMUB,FM,88.5,both,,,Twitter
500,Ohio,Portsmouth,Portsmouth,WOSP,FM,91.5,both,,,Twitter
501,Ohio,Thompson,,WSKV,FM,89.1,left_only,,,Twitter
502,Ohio,Toledo,Toledo,WGTE,FM,91.3,both,,,Twitter
503,Ohio,West Union,,WVXW,FM,89.5,left_only,,,Twitter
504,Ohio,Wooster,Wooster,WKRW,FM,89.3,both,,,Twitter
505,Ohio,Yellow Springs,Yellow Springs,WYSO,FM,91.3,both,(@WYSO),,Twitter
506,Ohio,Youngstown,Youngstown,WYSU,FM,88.5,both,(@WYSU),,Twitter
507,Ohio,Zanesville,Zanesville,WOUZ,FM,90.1,both,,,Twitter
508,Oklahoma,Ardmore,Ardmore,KLCU,FM,90.3,both,,,Twitter
509,Oklahoma,Lawton,Lawton,KCCU,FM,89.3,both,(@KCCURadio),,Twitter
510,Oklahoma,Norman,Norman,KGOU,FM,106.3,both,(@kgounews),,Twitter
511,Oklahoma,Oklahoma City,Oklahoma City,KROU,FM,105.7,both,,,Twitter
512,Oklahoma,Stillwater,Stillwater,KOSU,FM,91.7,both,(@KOSURadio),,Twitter
513,Oklahoma,Tulsa,Tulsa,KWGS,FM,89.5,both,(@KWGSNEWS),,Twitter
514,Oregon,Ashland,Ashland,KAGI,AM,930.0,both,,,Twitter
515,Oregon,Ashland,Ashland,KSJK,AM,1230.0,both,,,Twitter
516,Oregon,Ashland,Ashland,KSMF,FM,89.1,both,,,Twitter
517,Oregon,Ashland,Ashland,KSRG,FM,88.3,both,,,Twitter
518,Oregon,Ashland,Ashland,KSOR,FM,90.1,both,,,Twitter
519,Oregon,Astoria,Astoria,KMUN,FM,91.9,both,,,Twitter
520,Oregon,Bend,Bend,KOAB,FM,91.3,both,,,Twitter
521,Oregon,Coos Bay,Coos Bay,KSBA,FM,88.5,both,,,Twitter
522,Oregon,Corvallis,Corvallis,KOAC,AM,550.0,both,,,Twitter
523,Oregon,Eugene,Eugene,KLCC,FM,89.7,both,(@KLCCEugeneOR),,Twitter
524,Oregon,Eugene,Eugene,KRVM,AM,1280.0,both,,,Twitter
525,Oregon,Florence,Florence,KLFO,FM,88.1,both,,,Twitter
526,Oregon,Gresham,Gresham,KMHD,FM,89.1,both,(@KMHD_JAZZ_Radio),,Twitter
527,Oregon,Klamath Falls,Klamath Falls,KSKF,FM,90.9,both,,,Twitter
528,Oregon,Newport,Newport,KLCO,FM,90.5,both,,,Twitter
529,Oregon,Pendleton,Pendleton,KRBM,FM,90.9,both,,,Twitter
530,Oregon,Portland,Portland,KOPB,FM,91.5,both,,,Twitter
531,Oregon,Reedsport,Reedsport,KLFR,FM,89.1,both,,,Twitter
532,Oregon,Roseburg,Roseburg,KSRS,FM,91.5,both,,,Twitter
533,Pennsylvania,Allentown,Allentown,WDIY,FM,88.1,both,(@WDIYFM),,Twitter
534,Pennsylvania,Erie,Erie,WQLN,FM,91.3,both,(@WQLN),,Twitter
535,Pennsylvania,Harrisburg,Harrisburg,WITF,FM,89.5,both,(@WITF),,Twitter
536,Pennsylvania,Harrisburg,Summerdale,WJAZ,FM,91.7,both,,,Twitter
537,Pennsylvania,Harrisburg,,WXPH,FM,88.1,left_only,,,Twitter
538,Pennsylvania,Huntingdon,,WKVR,FM,92.3,left_only,,,Twitter
539,Pennsylvania,Johnstown,Johnstown,WQEJ,FM,89.7,both,(@wqed),,Twitter
540,Pennsylvania,Kane,,WPSB,FM,90.1,left_only,,,Twitter
541,Pennsylvania,Mt. Pocono,Mt. Pocono,WRTY,FM,91.1,both,,,Twitter
542,Pennsylvania,Philadelphia,Philadelphia,WHYY,FM,90.9,both,(@whyy),,Twitter
543,Pennsylvania,Philadelphia,Philadelphia,WRTI,FM,90.1,both,(@WRTImusic),,Twitter
544,Pennsylvania,Philadelphia,Philadelphia,WXPN,FM,88.5,both,(@wxpnfm),,Twitter
545,Pennsylvania,Pittsburgh,,WDUQ,FM,90.5,left_only,(@905wesa),,Twitter
546,Pennsylvania,Pittsburgh,Pittsburgh,WQED,FM,89.3,both,(@WQEDFM),,Twitter
547,Pennsylvania,Pittsburgh,Pittsburgh,WYEP,FM,91.3,both,(@WYEP),,Twitter
548,Pennsylvania,Scranton,Scranton,WVIA,FM,89.9,both,(@WVIATVFM),,Twitter
549,Pennsylvania,State College,State College,WPSU,FM,91.5,both,(@WPSU),,Twitter
550,Puerto Rico,Rio Piedras,Ro Piedras,WRTU,FM,89.7,both,(@radioupr),,Twitter
551,Puerto Rico,San Juan,,WOSO,AM,1030.0,left_only,(@WOSO1030AM),,Twitter
552,Rhode Island,North Providence,,WRNI,AM,1290.0,left_only,,,Twitter
553,Rhode Island,Westerly,,WXNI,AM,1230.0,left_only,,,Twitter
554,South Carolina,Aiken,Aiken,WLJK,FM,89.1,both,(@SCPublicRadio),,Twitter
555,South Carolina,Beaufort,Beaufort,WJWJ,FM,89.9,both,(@SCPublicRadio),,Twitter
556,South Carolina,Charleston,Charleston,WSCI,FM,89.3,both,(@SCPublicRadio),,Twitter
557,South Carolina,Columbia,Columbia,WLTR,FM,91.3,both,(@SCPublicRadio),,Twitter
558,South Carolina,Conway,Conway,WHMC,FM,90.1,both,(@SCPublicRadio),,Twitter
559,South Carolina,Greenville,Greenville,WEPR,FM,90.1,both,(@SCPublicRadio),,Twitter
560,South Carolina,Orangeburg,Orangeburg,WSSB,FM,90.3,both,(@SCPublicRadio),,Twitter
561,South Carolina,Rock Hill,Rock Hill,WNSC,FM,88.9,both,(@SCPublicRadio),,Twitter
562,South Carolina,Sumter,Sumter,WRJA,FM,88.1,both,,,Twitter
563,South Dakota,Brookings,Brookings,KESD,FM,88.3,both,,,Twitter
564,South Dakota,Faith,Faith,KPSD,FM,97.1,both,,,Twitter
565,South Dakota,Lowry,Lowry,KQSD,FM,91.9,both,,,Twitter
566,South Dakota,Martin,Martin,KZSD,FM,102.5,both,,,Twitter
567,South Dakota,Pierpont,Watertown,KDSD,FM,90.9,both,,,Twitter
568,South Dakota,Rapid City,Rapid City,KBHE,FM,89.3,both,,,Twitter
569,South Dakota,Reliance,Pierre,KTSD,FM,91.1,both,,,Twitter
570,South Dakota,Sioux Falls,Sioux Falls,KCSD,FM,90.9,both,,,Twitter
571,South Dakota,Vermillion,Vermillion,KUSD,FM,89.7,both,,,Twitter
572,Tennessee,Chattanooga,Chattanooga,WUTC,FM,88.1,both,(@WUTC_FM),,Twitter
573,Tennessee,Cookeville,Cookeville,WHRS,FM,91.7,both,,,Twitter
574,Tennessee,Dyersberg,Dyersburg,WKNQ,FM,90.7,both,,,Twitter
575,Tennessee,Jackson,Jackson,WKNP,FM,90.1,both,,,Twitter
576,Tennessee,Johnson City,Johnson City,WETS,FM,89.5,both,(@WETSFM),,Twitter
577,Tennessee,Knoxville,Knoxville,WUOT,FM,91.9,both,(@WUOTFM),,Twitter
578,Tennessee,Madison,Madison,WPLN,AM,1430.0,both,(@WPLN),,Twitter
579,Tennessee,Memphis,Memphis,WKNO,FM,91.1,both,(@WKNOFM),,Twitter
580,Tennessee,Murfreesboro,Murfreesboro,WMOT,FM,89.5,both,(@WMOT),,Twitter
581,Tennessee,Nashville,Nashville,WPLN,FM,90.3,both,(@WPLN),,Twitter
582,Tennessee,Tullahoma,Tullahoma,WTML,FM,91.5,both,None,,Twitter
583,Texas,Abilene,,KACU,FM,89.7,left_only,(@KACU895),,Twitter
584,Texas,Austin,Austin,KUT,FM,90.5,both,(@KUT),,Twitter
585,Texas,Beaumont,Beaumont,KVLU,FM,91.3,both,(@913KVLU),,Twitter
586,Texas,College Station,College Station,KAMU,FM,90.9,both,(@KAMUTVFM),,Twitter
587,Texas,College Station,College Station,KEOS,FM,89.1,both,(@KEOSRADIO),,Twitter
588,Texas,Corpus Christi,Corpus Christi,KEDT,FM,90.3,both,(@YourKEDT),,Twitter
589,Texas,Dallas,Dallas-Fort Worth,KERA,FM,90.1,both,(@keratx),,Twitter
590,Texas,Dallas,Denton,KERA,FM,90.1,both,(@keratx),,Twitter
591,Texas,Denton,Denton,KNTU,FM,88.1,both,(@KNTU881),,Twitter
592,Texas,El Paso,El Paso,KTEP,FM,88.5,both,(@ktep885fm),,Twitter
593,Texas,Harlingen,,KMBH,FM,88.9,left_only,(@PublicRadio88FM),,Twitter
594,Texas,Houston,Houston,KUHF,FM,88.7,both,(@HoustonPubMedia),@HoustonPubMedia,Twitter
595,Texas,Ingram,Ingram,KTXI,FM,90.1,both,,,Twitter
596,Texas,Lubbock,,KOHM,FM,89.1,left_only,None,,Twitter
597,Texas,Lufkin,Lufkin,KLDN,FM,88.9,both,(@881TheOne),,Twitter
598,Texas,McAllen,McAllen,KHID,FM,88.1,both,None,,Twitter
599,Texas,Odessa,,KOCV,FM,91.3,left_only,(@KPVU913FM),,Twitter
600,Texas,Prairie View,Prairie View,KPVU,FM,91.3,both,(@KUTX),,Twitter
601,Texas,San Angelo,,KUTX,FM,90.1,left_only,None,,Twitter
602,Texas,San Antonio,San Antonio,KSTX,FM,89.1,both,None,,Twitter
603,Texas,Texarkana,Texarkana,KTXK,FM,91.5,both,None,,Twitter
604,Texas,Victoria,Victoria,KVRT,FM,90.7,both,(@KWBU),,Twitter
605,Texas,Waco,Waco,KWBU,FM,103.3,both,None,,Twitter
606,Utah,Coalville,,KCUA,FM,92.5,left_only,None,,Twitter
607,Utah,Logan,Logan,KUSU,FM,91.5,both,(@KCPW),,Twitter
608,Utah,Salt Lake City,,KCPW,FM,88.3,left_only,(@KCPWRadio),,Twitter
609,Utah,Salt Lake City,,KPCW,FM,91.9,left_only,(@KUER_FM),,Twitter
610,Utah,Salt Lake City,Salt Lake City,KUER,FM,90.1,both,(@KRCLradio),,Twitter
611,Utah,Salt Lake City,,KRCL,FM,90.9,left_only,None,,Twitter
612,US Virgin Islands,St. Thomas,,WVGN,FM,107.3,left_only,(@WKUF943),,Twitter
613,Vermont,Bennington,Bennington,WBTN,FM,94.3,both,(@WRUVFM),,Twitter
614,Vermont,Burlington,Burlington,WVPS,FM,107.9,both,None,,Twitter
615,Vermont,Rutland,Rutland,WRVT,FM,88.7,both,None,,Twitter
616,Vermont,St. Johnsbury,St. Johnsbury,WVPA,FM,88.5,both,None,,Twitter
617,Vermont,Windsor,Windsor,WVPR,FM,89.5,both,None,,Twitter
618,Virginia,Charlottesville,Charlottesville,WVTU,FM,89.3,both,None,,Twitter
619,Virginia,Charlottesville,Charlottesville,WVTW,FM,88.5,both,None,,Twitter
620,Virginia,Charlottesville,Charlottesville,WMRY,FM,103.5,both,None,,Twitter
621,Virginia,Christiansburg,Christiansburg,WWVT,AM,1260.0,both,(@WMLUradio),,Twitter
622,Virginia,Farmville,Farmville,WMLU,FM,91.3,both,(@WMRAPublicRadio),,Twitter
623,Virginia,Harrisonburg,Harrisonburg,WMRA,FM,90.7,both,None,,Twitter
624,Virginia,Lexington,Lexington,WMRL,FM,89.9,both,None,,Twitter
625,Virginia,Marion,Marion,WVTR,FM,91.9,both,(@WHRO),,Twitter
626,Virginia,Norfolk,Norfolk,WHRO,FM,90.3,both,(@whrvfm),,Twitter
627,Virginia,Norfolk,Norfolk,WHRV,FM,89.5,both,(@hot91),,Twitter
628,Virginia,Norfolk,,WNSB,FM,91.1,left_only,(@wcve),,Twitter
629,Virginia,Richmond,Richmond,WCVE,FM,88.9,both,(@WVFTRADIOIQ),,Twitter
630,Virginia,Roanoke,Roanoke,WVTF,FM,89.1,both,(@Uva_Wise),,Twitter
631,Virginia,Wise,Wise,WISE,FM,90.5,both,None,,Twitter
632,Washington,Bellingham,Bellingham,KZAZ,FM,91.7,both,(@KCBS),,Twitter
633,Washington,Bellevue,,KBCS,FM,91.3,left_only,(@radio905),,Twitter
634,Washington,Clarkston,Clarkston,KNWV,FM,90.5,both,None,,Twitter
635,Washington,Ellensburg,Ellensburg,KNWR,FM,90.7,both,None,,Twitter
636,Washington,Moses Lake,Moses Lake,KLWS,FM,91.5,both,None,,Twitter
637,Washington,Omak,Omak,KQWS,FM,90.1,both,None,,Twitter
638,Washington,Port Angeles,Port Angeles,KNWP,FM,90.1,both,None,,Twitter
639,Washington,Pullman,Pullman,KWSU,AM,1250.0,both,None,,Twitter
640,Washington,Pullman,,KRFA,FM,91.7,left_only,None,,Twitter
641,Washington,Richland,Richland,KFAE,FM,89.1,both,(@kexp),,Twitter
642,Washington,Seattle,Seattle,KEXP,FM,90.3,both,(@KUOW),,Twitter
643,Washington,Seattle,Seattle,KUOW,FM,94.9,both,None,,Twitter
644,Washington,Spokane,Spokane,KPBX,FM,91.1,both,None,,Twitter
645,Washington,Spokane,Spokane,KSFC,FM,91.9,both,(@KPLUpr),,Twitter
646,Washington,Seattle/Tacoma,,KPLU,FM,88.5,left_only,None,,Twitter
647,Washington,Walla Walla,Walla Walla,KWWS,FM,89.7,both,,,Twitter
648,Washington,Yakima,,KDNA,FM,91.9,left_only,,,Twitter
649,Washington,Yakima,Yakima,KNWY,FM,90.3,both,,,Twitter
650,West Virginia,Beckley,,WVPB,FM,91.7,left_only,,,Twitter
651,West Virginia,Buckhannon,Buckhannon,WVPW,FM,88.9,both,,,Twitter
652,West Virginia,Charleston,,WVPN,FM,88.5,left_only,,,Twitter
653,West Virginia,Huntington,Huntington,WVWV,FM,89.9,both,,,Twitter
654,West Virginia,Martinsburg,Martinsburg,WVEP,FM,88.9,both,,,Twitter
655,West Virginia,Morgantown,Morgantown,WVPM,FM,90.9,both,,,Twitter
656,West Virginia,Parkersburg,Parkersburg,WVPG,FM,90.3,both,,,Twitter
657,West Virginia,Petersburg,,WAUA,FM,89.5,left_only,,,Twitter
658,West Virginia,Wheeling,Wheeling,WVNP,FM,89.9,both,,,Twitter
659,Wisconsin,Appleton,,WLFM,FM,91.1,left_only,,,Twitter
660,Wisconsin,Auburndale,Auburndale,WLBL,AM,930.0,both,,,Twitter
661,Wisconsin,Brule,Brule,WHSA,FM,89.9,both,,,Twitter
662,Wisconsin,Delafield,Delafield,WHAD,FM,90.7,both,,,Twitter
663,Wisconsin,Eau Claire,Eau Claire,WUEC,FM,89.7,both,,,Twitter
664,Wisconsin,Green Bay,Green Bay,WHID,FM,88.1,both,,,Twitter
665,Wisconsin,Green Bay,Green Bay,WPNE,FM,89.3,both,,,Twitter
666,Wisconsin,Hayward,Hayward,WOJB,FM,88.9,both,,,Twitter
667,Wisconsin,Highland,Highland,WHHI,FM,91.3,both,,,Twitter
668,Wisconsin,Kenosha,Kenosha,WGTD,FM,91.1,both,,,Twitter
669,Wisconsin,La Crosse,La Crosse,WHLA,FM,90.3,both,,,Twitter
670,Wisconsin,La Crosse,La Crosse,WLSU,FM,88.9,both,,,Twitter
671,Wisconsin,Madison,Madison,WERN,FM,88.7,both,,,Twitter
672,Wisconsin,Madison,Madison,WHA,AM,970.0,both,,,Twitter
673,Wisconsin,Madison,Sheboygan,WSHS,FM,91.7,both,,,Twitter
674,Wisconsin,Sheboygan,Sheboygan,WSHS,FM,91.7,both,,,Twitter
675,Wisconsin,Menomonie,Menomonie,WHWC,FM,88.3,both,,,Twitter
676,Wisconsin,Menomonie,Menomonie,WVSS,FM,90.7,both,,,Twitter
677,Wisconsin,Milwaukee,Milwaukee,WUWM,FM,89.7,both,,,Twitter
678,Wisconsin,Oshkosh,Oshkosh,WRST,FM,90.3,both,,,Twitter
679,Wisconsin,Park Falls,Park Falls,WHBM,FM,90.3,both,,,Twitter
680,Wisconsin,Rhinelander,Rhinelander,WXPR,FM,91.7,both,,,Twitter
681,Wisconsin,River Falls,River Falls,WRFW,FM,88.7,both,,,Twitter
682,Wisconsin,Sister Bay,Sister Bay,WHDI,FM,91.1,both,,,Twitter
683,Wisconsin,Sister Bay,Sister Bay,WHND,FM,89.7,both,,,Twitter
684,Wisconsin,Superior,Superior,KUWS,FM,91.3,both,,,Twitter
685,Wisconsin,Wausau,Wausau,WHRM,FM,90.9,both,,,Twitter
686,Wisconsin,Wausau,Wausau,WLBL,FM,91.9,both,,,Twitter
687,Wisconsin,Wausau,Wausau,WXPW,FM,91.9,both,,,Twitter
688,Wyoming,Afton,Afton,KUWA,FM,91.3,both,,,Twitter
689,Wyoming,Buffalo,Buffalo,KBUW,FM,90.5,both,,,Twitter
690,Wyoming,Casper,Casper,KUWC,FM,91.3,both,,,Twitter
691,Wyoming,Douglas,Douglas,KDUW,FM,91.7,both,,,Twitter
692,Wyoming,Gillette,Gillette,KUWG,FM,90.9,both,,,Twitter
693,Wyoming,Jackson,Jackson,KUWJ,FM,90.3,both,,,Twitter
694,Wyoming,Laramie,Laramie,KUWR,FM,91.9,both,,,Twitter
695,Wyoming,Newcastle,Newcastle,KUWN,FM,90.5,both,,,Twitter
696,Wyoming,Pinedale,Pinedale,KUWX,FM,90.9,both,,,Twitter
697,Wyoming,Powell,Powell,KUWP,FM,90.1,both,,,Twitter
698,Wyoming,Rock Springs,Rock Springs,KUWZ,FM,90.5,both,,,Twitter
699,Wyoming,Sheridan,Sheridan,KSUW,FM,91.3,both,,,Twitter
700,Wyoming,Sundance,Sundance,KUWD,FM,91.5,both,,,Twitter
701,Wyoming,Thermopolis,Thermopolis,KUWT,FM,91.3,both,,,Twitter
702,Alaska,,Anchorage,KNBA,FM,90.3,right_only,,,
703,Alaska,,Juneau,KRNN,FM,102.7,right_only,,,
704,Alaska,,Juneau,KXLL,FM,100.7,right_only,,,
705,Alaska,,Kotzebue,KOTZ,AM,720.0,right_only,,,
706,Alaska,,Sand Point,KSDP,AM,830.0,right_only,,,
707,Alaska,,St. Paul,KUHB,FM,91.9,right_only,,,
708,Alaska,,Unalaska,KUCB,FM,89.7,right_only,,,
709,Arizona,,Hotevilla,KUYI,FM,88.1,right_only,,,
710,Arizona,,Tucson,KUAT,FM,90.5,right_only,,,
711,Arizona,,Yuma,KOFA,AM,1320.0,right_only,,,
712,California,,Angwin,KDFC,FM,89.9,right_only,,,
713,California,,Bayside,KNHM,FM,91.5,right_only,,,
714,California,,Calexico,KQVO,FM,97.7,right_only,,,
715,California,,Coachella,KVLA,FM,90.3,right_only,,,
716,California,,McCloud,KLDD,FM,91.9,right_only,,,
717,California,,Mendocino,KPMO,AM,1300.0,right_only,,,
718,California,,Mojave,KCRY,FM,88.1,right_only,,,
719,California,,Morro Bay,KESC,FM,99.7,right_only,,,
720,California,,Mount Shasta,KMJC,AM,620.0,right_only,,,
721,California,,North Highlands,KQEI,FM,89.3,right_only,,,
722,California,,Quincy,KQNC,FM,88.1,right_only,,,
723,California,,Redlands,KUOR,FM,89.1,right_only,,,
724,California,,Rio Dell,KNHT,FM,102.5,right_only,,,
725,California,,Sacramento,KXJZ,FM,90.9,right_only,,,
726,California,,Sacramento,KXPR,FM,88.9,right_only,,,
727,California,,San Ardo,KNBX,FM,91.7,right_only,,,
728,California,,San Diego,KSDS,FM,88.3,right_only,,,
729,California,,San Francisco,KUSF,FM,90.3,right_only,,,
730,California,,Santa Barbara,KDRW,FM,88.7,right_only,,,
731,California,,Santa Barbara,KCLU,AM,1340.0,right_only,,,
732,California,,Santa Barbara,KSBX,FM,89.5,right_only,,,
733,California,,Shasta Lake City,KJPR,AM,1330.0,right_only,,,
734,California,,Sutter,KXJS,FM,88.7,right_only,,,
735,California,,Thousand Oaks,KDSC,FM,91.1,right_only,,,
736,California,,Yreka,KSYC,AM,1490.0,right_only,,,
737,Colorado,,Carbondale,KCJX,FM,88.9,right_only,,,
738,Colorado,,Carbondale,KDNK,FM,88.1,right_only,,,
739,Colorado,,Carbondale,KVOV,FM,90.5,right_only,,,
740,Colorado,,Craig,KPYR,FM,88.3,right_only,,,
741,Colorado,,Denver,KCFR,FM,90.1,right_only,,,
742,Colorado,,Denver,KVOD,FM,88.1,right_only,,,
743,Colorado,,Fort Collins,KVXQ,FM,88.3,right_only,,,
744,Colorado,,Ignacio,KUTE,FM,90.1,right_only,,,
745,Colorado,,La Junta,KECC,FM,89.1,right_only,,,
746,Colorado,,Manitou Springs,KCME,FM,88.7,right_only,,,
747,Colorado,,Steamboat Springs,KRNC,FM,88.5,right_only,,,
748,Connecticut,,Fairfield,WVOF,FM,88.5,right_only,,,
749,Connecticut,,Meriden,WNPR,FM,90.5,right_only,,,
750,Connecticut,,Middletown,WESU,FM,88.1,right_only,,,
751,Connecticut,,Norwich,WPKT,FM,89.1,right_only,,,
752,Connecticut,,Sharon,WHDD,AM,1020.0,right_only,,,
753,Connecticut,,Sharon,WHDD,FM,91.9,right_only,,,
754,Connecticut,,Sharon,WQQQ,FM,103.3,right_only,,,
755,Delaware,,Dover,WDDE,FM,91.1,right_only,,,
756,Delaware,,Wilmington,WMPH,FM,91.7,right_only,,,
757,Florida,,"Marathon/Key West, Florida",WKWM,FM,91.5,right_only,,,
758,Florida,,Miami,WDNA,FM,88.9,right_only,,,
759,Florida,,Sarasota,WSMR,FM,89.1,right_only,,,
760,Georgia,,Carrollton,WUWG,FM,90.7,right_only,,,
761,Georgia,,Chatsworth,WNGH,FM,98.9,right_only,,,
762,Georgia,,Folkston,WATY,FM,91.3,right_only,,,
763,Georgia,,Macon,WMUM,FM,89.7,right_only,,,
764,Georgia,,Rome,WGPB,FM,97.7,right_only,,,
765,Georgia,,Thomasville,WFSL,FM,90.7,right_only,,,
766,Hawaii,,Hilo,KANO,FM,89.1,right_only,,,
767,Hawaii,,Wailuku,KIPM,FM,89.7,right_only,,,
768,Idaho,,Burley,KBSY,FM,88.5,right_only,,,
769,Idaho,,McCall,KBSK,FM,89.9,right_only,,,
770,Idaho,,McCall,KBSQ,FM,90.7,right_only,,,
771,Idaho,,Sun Valley,KBSS,FM,91.1,right_only,,,
772,Idaho,,Sun Valley,KWRV,FM,91.9,right_only,,,
773,Idaho,,Twin Falls,KEZJ,AM,1450.0,right_only,,,
774,Illinois,,Elgin,WEPS,FM,88.9,right_only,,,
775,Illinois,,Galesburg,WVKC,FM,90.7,right_only,,,
776,Illinois,,Glen Ellyn,WDCB,FM,90.9,right_only,,,
777,Illinois,,Kankakee,WBEK,FM,91.1,right_only,,,
778,Illinois,,Morris,WBEQ,FM,90.7,right_only,,,
779,Illinois,,Urbana,WILL,AM,90.9,right_only,,,
780,Indiana,,Chestertown,WBEW,FM,89.5,right_only,,,
781,Indiana,,Crawfordsville,WNDY,FM,91.3,right_only,,,
782,Indiana,,Fort Wayne,WBOI,FM,89.1,right_only,,,
783,Indiana,,Franklin,WFCI,FM,89.5,right_only,,,
784,Indiana,,Gary,WGVE,FM,88.7,right_only,,,
785,Indiana,,Lowell,WLPR,FM,89.1,right_only,,,
786,Indiana,,Roanoke,WBNI,FM,94.1,right_only,,,
787,Indiana,,Vincennes,WVUB,FM,91.1,right_only,,,
788,Iowa,,Bettendorf,KNSB,FM,91.1,right_only,,,
789,Iowa,,Carroll,KNSC,FM,90.7,right_only,,,
790,Iowa,,Cedar Falls,KHKE,FM,89.5,right_only,,,
791,Iowa,,Council Bluffs,KIWR,FM,89.7,right_only,,,
792,Iowa,,Decorah,KLCD,FM,89.5,right_only,,,
793,Iowa,,Dubuque,KNSY,FM,89.7,right_only,,,
794,Iowa,,Fort Dodge,KNSK,FM,91.1,right_only,,,
795,Iowa,,Lamoni,KNSL,FM,97.9,right_only,,,
796,Iowa,,Mason City,KNSM,FM,91.5,right_only,,,
797,Iowa,,Mitchellville,KICJ,FM,88.9,right_only,,,
798,Iowa,,Okoboji,KOJI,FM,90.7,right_only,,,
799,Iowa,,Ottumwa,KNSZ,FM,89.1,right_only,,,
800,Iowa,,Ottumwa,KICW,FM,91.1,right_only,,,
801,Iowa,,Patterson,KICP,FM,105.9,right_only,,,
802,Iowa,,Pleasantville,KICL,FM,96.3,right_only,,,
803,Iowa,,Waterloo,KBBG,FM,88.1,right_only,,,
804,Kansas,,Chanute,KANQ,FM,90.3,right_only,,,
805,Kansas,,Hays,KZAN,FM,91.7,right_only,,,
806,Kansas,,Olsburg,KANV,FM,91.3,right_only,,,
807,Kentucky,,Corbin,WEKF,FM,88.5,right_only,,,
808,Kentucky,,Louisville,WUOL,FM,90.5,right_only,,,
809,Louisiana,,Alexandria,KLSA,FM,90.7,right_only,,,
810,Louisiana,,Baton Rouge,WBRH,FM,90.3,right_only,,,
811,Louisiana,,Baton Rouge,WRKF,FM,89.3,right_only,,,
812,Louisiana,,Hammond,KSLU,FM,90.9,right_only,,,
813,Louisiana,,Lafayette,KRVS,FM,88.7,right_only,,,
814,Louisiana,,Monroe,KEDM,FM,90.3,right_only,,,
815,Louisiana,,New Orleans,WWNO,FM,89.9,right_only,,,
816,Louisiana,,Shreveport,KDAQ,FM,89.9,right_only,,,
817,Louisiana,,Thibodaux,KTLN,FM,90.5,right_only,,,
818,Maine,,Camden,WMEP,FM,90.5,right_only,,,
819,Maryland,,Frederick,WYPF,FM,88.1,right_only,,,
820,Maryland,,Hagerstown,WGMS,FM,89.1,right_only,,,
821,Maryland,,Ocean City,WRAU,FM,88.3,right_only,,,
822,Maryland,,Ocean City,WYPO,FM,106.9,right_only,,,
823,Maryland,,Towson,WTMD,FM,89.7,right_only,,,
824,Massachusetts,,Brewster,WZAI,FM,94.3,right_only,,,
825,Massachusetts,,Deerfield,WNNZ,FM,91.7,right_only,,,
826,Massachusetts,,Lowell,WCRB,FM,99.5,right_only,,,
827,Massachusetts,,Nantucket,WNCK,FM,89.5,right_only,,,
828,Massachusetts,,Newburyport,WNEF,FM,91.7,right_only,,,
829,Massachusetts,,Sheffield,WBSL,FM,91.7,right_only,,,
830,Massachusetts,,Springfield,WAIC,FM,91.9,right_only,,,
831,Massachusetts,,Stow,WUMG,FM,91.7,right_only,,,
832,Massachusetts,,West Yarmouth,WBAS,AM,1240.0,right_only,,,
833,Massachusetts,,Westfield,WNNZ,AM,640.0,right_only,,,
834,Michigan,,Berrien Springs,WAUS,FM,90.7,right_only,,,
835,Michigan,,Harbor Springs,WHBP,FM,90.1,right_only,,,
836,Michigan,,Houghton,WGGL,FM,91.1,right_only,,,
837,Michigan,,Mackinaw City,WIAB,FM,88.5,right_only,,,
838,Michigan,,Manistee,WLMN,FM,89.7,right_only,,,
839,Minnesota,,Appleton,KRSU,FM,91.3,right_only,,,
840,Minnesota,,Austin,KNSE,FM,90.1,right_only,,,
841,Minnesota,,Bemidji,KCRB,FM,88.5,right_only,,,
842,Minnesota,,Brainerd,KBPN,FM,88.3,right_only,,,
843,Minnesota,,St. Cloud,KSJR,FM,90.1,right_only,,,
844,Minnesota,,Duluth,KUMD,FM,103.3,right_only,,,
845,Minnesota,,Duluth,WSCD,FM,92.9,right_only,,,
846,Minnesota,,Fergus Falls,KCMF,FM,89.7,right_only,,,
847,Minnesota,,Fergus Falls,KNWF,FM,91.5,right_only,,,
848,Minnesota,,Grand Marais,WLSN,FM,89.7,right_only,,,
849,Minnesota,,Grand Marais,WMLS,FM,88.7,right_only,,,
850,Minnesota,,Grand Marais,WTIP,FM,90.7,right_only,,,
851,Minnesota,,Grand Portage,WGPO,FM,90.1,right_only,,,
852,Minnesota,,Hinckley,WGRH,FM,88.5,right_only,,,
853,Minnesota,,International Falls,KITF,FM,88.3,right_only,,,
854,Minnesota,,Mankato,KMSU,FM,89.7,right_only,,,
855,Minnesota,,Minneapolis,KBEM,FM,88.5,right_only,,,
856,Minnesota,,Minneapolis,KFAI,FM,90.3,right_only,,,
857,Minnesota,,Moorhead,KCCM,FM,91.1,right_only,,,
858,Minnesota,,"St. Paul Minneapolis, Minnesota",KCMP,FM,89.3,right_only,,,
859,Minnesota,,Redwood Falls,KRFI,FM,88.1,right_only,,,
860,Minnesota,,Rochester,KLSE,FM,90.7,right_only,,,
861,Minnesota,,Rochester,KZSE,FM,91.7,right_only,,,
862,Minnesota,,Roseau,KRXW,FM,103.5,right_only,,,
863,Minnesota,,Minneapolis,KSJN,FM,99.5,right_only,,,
864,Minnesota,,Mankato,KGAC,FM,90.5,right_only,,,
865,Minnesota,,Thief River Falls,KQMN,FM,91.5,right_only,,,
866,Minnesota,,Hibbing,WIRR,FM,90.9,right_only,,,
867,Minnesota,,Marshall,KRSW,FM,89.3,right_only,,,
868,Mississippi,,Starkville,WMSV,FM,91.1,right_only,,,
869,Missouri,,Rolla,KMST,FM,88.5,right_only,,,
870,Missouri,,Sainte Genevieve,KSEF,FM,88.9,right_only,,,
871,Missouri,,West Plains,KSMW,FM,90.9,right_only,,,
872,Montana,,Bozeman,KGLT,FM,91.9,right_only,,,
873,Montana,,Helena Valley SE,KYPX,FM,106.5,right_only,,,
874,Montana,,Miles City,KYPR,FM,90.7,right_only,,,
875,Nebraska,,Lincoln,KZUM,FM,89.3,right_only,,,
876,Nevada,,Jackpot,KBSJ,FM,91.3,right_only,,,
877,Nevada,,Las Vegas,KCNV,FM,89.7,right_only,,,
878,Nevada,,Las Vegas,KNPR,FM,88.9,right_only,,,
879,Nevada,,Reno,KVNV,FM,89.1,right_only,,,
880,New Hampshire,,Jackson,WEVJ,FM,99.5,right_only,,,
881,New Hampshire,,Nashua,WEVS,FM,88.3,right_only,,,
882,New Jersey,,Hackettstown,WXPJ,FM,91.9,right_only,,,
883,New Jersey,,"Ocean City/Atlantic City, New Jersey",WNJN,FM,91.3,right_only,,,
884,New Mexico,,Dulce,KCIE,FM,90.5,right_only,,,
885,New Mexico,,Magdalena,KOAZ,AM,1500.0,right_only,,,
886,New Mexico,,Santa Rosa,KANR,FM,91.9,right_only,,,
887,New York,,Albany,WAMC,AM,1400.0,right_only,,,
888,New York,,Boonville,WXLB,FM,91.7,right_only,,,
889,New York,,Buffalo,WNED,FM,94.5,right_only,,,
890,New York,,Cape Vincent,WSLZ,FM,88.1,right_only,,,
891,New York,,Fredonia,WCVF,FM,91.3,right_only,,,
892,New York,,Geneva,WEOS,FM,89.5,right_only,,,
893,New York,,Gouverneur,WXLB,FM,90.5,right_only,,,
894,New York,,Hamilton,WRCU,FM,90.1,right_only,,,
895,New York,,Houghton,WXXY,FM,90.3,right_only,,,
896,New York,,Jamestown,WNJA,FM,89.7,right_only,,,
897,New York,,Lake Placid,WXLL,FM,91.7,right_only,,,
898,New York,,Peru,WXLU,FM,88.1,right_only,,,
899,New York,,Rochester,WRUR,FM,88.5,right_only,,,
900,New York,,Southampton,WPPB,FM,88.3,right_only,,,
901,New York,,Tupper Lake,WXLS,FM,88.3,right_only,,,
902,North Carolina,,Elizabeth City,WRVS,FM,89.9,right_only,,,
903,North Carolina,,Kinston,WKNS,FM,90.3,right_only,,,
904,North Carolina,,Manteo,WUND,FM,88.9,right_only,,,
905,North Carolina,,New Bern,WZNB,FM,88.5,right_only,,,
906,North Carolina,,Raleigh,WSHA,FM,88.9,right_only,,,
907,North Carolina,,Raleigh,WCPE,FM,89.7,right_only,,,
908,North Carolina,,Rocky Mount,WRQM,FM,90.9,right_only,,,
909,North Carolina,,Winston-Salem,WSNC,FM,90.5,right_only,,,
910,North Dakota,,Grand Forks,KFJM,FM,90.7,right_only,,,
911,Ohio,,Columbus,WOSA,FM,101.1,right_only,,,
912,Ohio,,Columbus,WOSU,FM,89.7,right_only,,,
913,Ohio,,Norwalk,WNRK,FM,90.7,right_only,,,
914,Ohio,,Thompson,WKSV,FM,89.1,right_only,,,
915,Ohio,,Wilberforce,WCSU,FM,88.9,right_only,,,
916,Oklahoma,,Ada,KOUA,FM,91.9,right_only,,,
917,Oklahoma,,Altus,KOCU,FM,90.1,right_only,,,
918,Oklahoma,,Clinton,KQOU,FM,89.1,right_only,,,
919,Oklahoma,,Ketchum,KOSN,FM,107.5,right_only,,,
920,Oklahoma,,Tulsa,KWTU,FM,88.7,right_only,,,
921,Oklahoma,,Woodward,KWOU,FM,88.1,right_only,,,
922,Oregon,,Eugene,KOPB,AM,1600.0,right_only,,,
923,Oregon,,Klamath Falls,KLMF,FM,88.5,right_only,,,
924,Oregon,,Myrtle Point,KOOZ,FM,94.1,right_only,,,
925,Oregon,,Roseburg,KTBR,AM,950.0,right_only,,,
926,Oregon,,Roseburg,KMPQ,FM,88.1,right_only,,,
927,Oregon,,Tillamook,KTCB,FM,89.5,right_only,,,
928,Oregon,,Warrenton,KCPB,FM,90.9,right_only,,,
929,Pennsylvania,,Kane,WPSX,FM,90.1,right_only,,,
930,Pennsylvania,,Middletown,WXPH,FM,88.7,right_only,,,
931,Pennsylvania,,Pittsburgh,WESA,FM,90.5,right_only,,,
932,Pennsylvania,,Williamsport,WVYA,FM,89.7,right_only,,,
933,Rhode Island,,"Providence, northern RI, and bordering MA",WELH,FM,88.1,right_only,,,
934,Rhode Island,,South Coast of Massachusetts and Narragansett Bay communities,WXNI,FM,89.3,right_only,,,
935,Rhode Island,,Coventry and central RI,WCVY,FM,91.5,right_only,,,
936,Rhode Island,,"Narragansett and southern RI, Block Island, Aquidneck Island, and parts of the East Bay",WRNI,FM,102.7,right_only,,,
937,South Dakota,,Sioux Falls,KRSD,FM,88.1,right_only,,,
938,Tennessee,,Collegedale,WSMC,FM,90.5,right_only,,,
939,Tennessee,,Nashville,WFCL,FM,91.1,right_only,,,
940,Texas,,Abilene,KACU,FM,89.5,right_only,,,
941,Texas,,Amarillo,KJJP,FM,105.7,right_only,,,
942,Texas,,Bushland,KTXP,FM,91.5,right_only,,,
943,Texas,,Commerce,KETR,FM,88.9,right_only,,,
944,Texas,,Dallas-Fort Worth,KKXT,FM,91.7,right_only,,,
945,Texas,,Harlingen,KJJF,FM,88.9,right_only,,,
946,Texas,,Houston,KTSU,FM,90.9,right_only,,,
947,Texas,,Llano,KVHL,FM,91.7,right_only,,,
948,Texas,,Lubbock,KTTZ,FM,89.1,right_only,,,
949,Texas,,Marfa,KRTS,FM,93.5,right_only,,,
950,Texas,,Odessa,KXWT,FM,91.3,right_only,,,
951,Texas,,San Angelo,KNCH,FM,90.1,right_only,,,
952,Texas,,San Antonio,KPAC,FM,88.3,right_only,,,
953,Texas,,Sherman,KERA,FM,99.3,right_only,,,
954,Texas,,Snyder,KTPR,FM,89.9,right_only,,,
955,Texas,,Spearman,KTOT,FM,89.5,right_only,,,
956,Texas,,Stephenville,KTRL,FM,90.5,right_only,,,
957,Texas,,Tyler,KERA,FM,100.1,right_only,,,
958,Texas,,Wichita Falls,KMCU,FM,88.7,right_only,,,
959,Texas,,Wichita Falls,KERA,FM,88.3,right_only,,,
960,Utah,,Logan,KUSR,FM,89.5,right_only,,,
961,Utah,,Moab,KUST,FM,88.7,right_only,,,
962,Utah,,Park City,KPCW,FM,91.7,right_only,,,
963,Utah,,Price,KCEU,FM,89.7,right_only,,,
964,Utah,,Richfield,KUSL,FM,89.3,right_only,,,
965,Utah,,St. George,KSGU,FM,90.3,right_only,,,
966,Utah,,Vernal,KUSK,FM,88.5,right_only,,,
967,Vermont,,Bristol,WXLQ,FM,90.5,right_only,,,
968,Vermont,,Colchester,WVTX,FM,88.7,right_only,,,
969,Vermont,,Norwich,WNCH,FM,88.1,right_only,,,
970,Virginia,,Chase City,WMVE,FM,90.1,right_only,,,
971,Virginia,,Ferrum,WWVT,FM,89.9,right_only,,,
972,Virginia,,Heathsville,WCNV,FM,89.1,right_only,,,
973,Virginia,,Hot Springs,WCHG,FM,107.1,right_only,,,
974,Virginia,,Monterey,WVLS,FM,89.7,right_only,,,
975,Washington,,Chehalis,KSWS,FM,88.9,right_only,,,
976,Washington,,Chelan,KHNW,FM,88.3,right_only,,,
977,Washington,,Forks,KNWU,FM,91.5,right_only,,,
978,Washington,,Mount Vernon,KMWS,FM,90.1,right_only,,,
979,Washington,,Tacoma,KNKX,FM,88.5,right_only,,,
980,Washington,,Tumwater,KUOW,AM,1340.0,right_only,,,
981,Washington,,Tacoma,KVTI,FM,90.9,right_only,,,
982,Washington,,Yakima,KYVT,FM,88.5,right_only,,,
983,West Virginia,,Beckley,WVBY,FM,91.7,right_only,,,
984,West Virginia,,Charleston,WVPB,FM,88.5,right_only,,,
985,West Virginia,,Frost,WVMR,AM,1370.0,right_only,,,
986,West Virginia,,Petersburg,WVDS,FM,89.5,right_only,,,
987,Wisconsin,,Milwaukee,WYMS,FM,88.9,right_only,,,
988,Wyoming,,Ethete,KWRR,FM,89.5,right_only,,,
